table	columns
admin_user	user_id:uuid, email:text, created_at:timestamp with time zone
audit_logs	id:uuid, catalog_id:uuid, actor_id:uuid, action:text, entity_table:text, entity_id:uuid, payload:jsonb, created_at:timestamp with time zone
bookable_resources	id:uuid, catalog_id:uuid, title:text, capacity:integer, image_url:text, is_active:boolean, sort_order:integer, capacity_text:text, resource_type:text
bookings	id:uuid, catalog_id:uuid, resource_id:uuid, status:USER-DEFINED, customer_name:text, customer_phone:text, guests:integer, starts_at:timestamp with time zone, ends_at:timestamp with time zone, comment:text, created_at:timestamp with time zone
cabin	id:text, title:text, capacity:text, feature:text, image_url:text, sort_order:integer, created_at:timestamp with time zone, updated_at:timestamp with time zone
catalog_members	catalog_id:uuid, user_id:uuid, role:USER-DEFINED, created_at:timestamp with time zone
catalog_sections	id:uuid, catalog_id:uuid, key:text, title:text, enabled:boolean, sort_order:integer, settings:jsonb
catalog_snapshots	id:uuid, catalog_id:uuid, reason:text, payload:jsonb, created_by:uuid, created_at:timestamp with time zone
catalog_tag	id:text, name:text, icon:text, color:text, sort_order:integer, created_at:timestamp with time zone, updated_at:timestamp with time zone
catalog_theme_settings	catalog_id:uuid, settings:jsonb, updated_at:timestamp with time zone
catalogs	id:uuid, template_version_id:uuid, slug:text, name:text, description:text, status:USER-DEFINED, logo_url:text, banner_url:text, address:text, map_url:text, whatsapp:text, instagram_url:text, currency:text, language:text, timezone:text, order_settings:jsonb, booking_settings:jsonb, seo:jsonb, pwa:jsonb, created_by:uuid, created_at:timestamp with time zone, updated_at:timestamp with time zone, is_template:boolean, template_name:text
categories	id:uuid, catalog_id:uuid, parent_id:uuid, name:text, slug:text, description:text, image_url:text, icon:text, is_hidden:boolean, sort_order:integer, created_at:timestamp with time zone, updated_at:timestamp with time zone
category	id:text, name:text, image:text, icon:text, kind:text, sort_order:integer, created_at:timestamp with time zone, updated_at:timestamp with time zone
cities	id:uuid, slug:text, name:text, region:text, is_active:boolean, created_at:timestamp with time zone
client_account_sessions	id:uuid, account_id:uuid, token_hash:bytea, expires_at:timestamp with time zone, created_at:timestamp with time zone, last_used_at:timestamp with time zone
client_accounts	id:uuid, name:text, phone:text, phone_normalized:text, password_hash:text, created_at:timestamp with time zone, updated_at:timestamp with time zone
client_addresses	id:uuid, user_id:uuid, title:text, address_line:text, lat:numeric, lng:numeric, comment:text, is_default:boolean, created_at:timestamp with time zone, accuracy_m:numeric, entrance:text, floor:text, apartment:text, intercom_code:text, landmark:text, updated_at:timestamp with time zone
client_profiles	id:uuid, user_id:uuid, default_city_id:uuid, created_at:timestamp with time zone
client_reviews	id:uuid, restaurant_id:uuid, driver_id:uuid, client_name:text, client_phone:text, rating:integer, comment:text, target_type:text, is_visible:boolean, created_at:timestamp with time zone
client_signups	id:uuid, name:text, phone:text, source:text, created_at:timestamp with time zone
client_subscriptions	id:uuid, client_id:uuid, plan_code:text, amount:numeric, currency_code:text, status:text, started_at:timestamp with time zone, ends_at:timestamp with time zone, paid_at:timestamp with time zone, auto_renew:boolean, note:text, created_at:timestamp with time zone, updated_at:timestamp with time zone
clients	id:uuid, owner_user_id:uuid, catalog_id:uuid, company_name:text, owner_name:text, email:text, phone:text, status:text, plan_code:text, subscription_status:text, subscription_started_at:timestamp with time zone, subscription_ends_at:timestamp with time zone, created_by:uuid, created_at:timestamp with time zone, updated_at:timestamp with time zone, first_login:boolean, consent_given:boolean, consent_given_at:timestamp with time zone, consent_source:text, admin_consent_confirmed:boolean, admin_consent_confirmed_at:timestamp with time zone, admin_consent_actor_id:uuid, primary_city:text, service_settlements:ARRAY
content_blocks	id:uuid, catalog_id:uuid, key:text, content:jsonb, updated_at:timestamp with time zone
deliveries	id:uuid, order_id:uuid, driver_id:uuid, delivery_provider:text, status:text, estimated_time_min:integer, estimated_time_max:integer, created_at:timestamp with time zone, updated_at:timestamp with time zone, pickup_qr_token:text, pickup_qr_expires_at:timestamp with time zone, assigned_at:timestamp with time zone, picked_up_at:timestamp with time zone, delivered_at:timestamp with time zone, route_to_restaurant_url:text, route_to_client_url:text, driver_arrived_restaurant_at:timestamp with time zone, driver_arrived_client_at:timestamp with time zone, offered_fee:numeric, pricing_status:text, pricing_note:text, pickup_qr_confirmed_at:timestamp with time zone
delivery_price_requests	id:uuid, delivery_id:uuid, driver_id:uuid, requested_amount:numeric, current_amount:numeric, comment:text, status:text, reviewed_amount:numeric, reviewed_at:timestamp with time zone, created_at:timestamp with time zone
delivery_pricing_rules	id:uuid, from_settlement:text, to_settlement:text, amount:numeric, is_active:boolean, created_by:uuid, created_at:timestamp with time zone, updated_at:timestamp with time zone
delivery_settlements	id:uuid, city_name:text, settlement_name:text, is_active:boolean, created_at:timestamp with time zone, updated_at:timestamp with time zone
delivery_status_history	id:uuid, delivery_id:uuid, status:text, comment:text, created_at:timestamp with time zone
delivery_tasks	id:uuid, catalog_id:uuid, order_id:uuid, delivery_type:text, own_courier_enabled:boolean, assigned_driver_id:uuid, delivery_status:text, address:text, coordinates:jsonb, qr_required:boolean, verified_at:timestamp with time zone, verified_by_driver_id:uuid, verification_method:text, created_at:timestamp with time zone, updated_at:timestamp with time zone, city:text, settlement:text
dishes	id:uuid, restaurant_id:uuid, category_id:uuid, name:text, description:text, price:numeric, image_url:text, weight:text, tags:ARRAY, is_popular:boolean, is_active:boolean, stock_count:integer, created_at:timestamp with time zone, updated_at:timestamp with time zone
drivers	id:uuid, user_id:uuid, name:text, phone:text, vehicle_info:text, is_active:boolean, city_id:uuid, created_at:timestamp with time zone, car_number:text, photo_url:text, rating:numeric, is_online:boolean, status:text, updated_at:timestamp with time zone, email:text, city_name:text, service_settlements:ARRAY, last_lat:numeric, last_lng:numeric, last_location_accuracy:numeric, last_location_at:timestamp with time zone, debt_amount:numeric, payout_details:text, max_active_deliveries:smallint
earnings	id:uuid, driver_id:uuid, delivery_id:uuid, amount:numeric, commission:numeric, net_amount:numeric, created_at:timestamp with time zone
favorites_dishes	id:uuid, user_id:uuid, dish_id:uuid, created_at:timestamp with time zone
favorites_restaurants	id:uuid, user_id:uuid, restaurant_id:uuid, created_at:timestamp with time zone
order_items	id:uuid, catalog_id:uuid, order_id:uuid, product_id:uuid, title:text, quantity:integer, unit_price:integer, options:jsonb, line_total:integer, dish_id:uuid, dish_name_snapshot:text, price_snapshot:numeric
order_status_history	id:uuid, catalog_id:uuid, order_id:uuid, from_status:USER-DEFINED, to_status:USER-DEFINED, reason:text, actor_id:uuid, created_at:timestamp with time zone
orders	id:uuid, catalog_id:uuid, status:USER-DEFINED, customer_name:text, customer_phone:text, comment:text, table_label:text, subtotal:integer, discount:integer, delivery_fee:integer, total:integer, admin_comment:text, created_at:timestamp with time zone, updated_at:timestamp with time zone, fulfillment_type:text, cabin_label:text, delivery_address:text, delivery_coordinates:jsonb, client_address_comment:text, accepted_at:timestamp with time zone, ready_at:timestamp with time zone, completed_at:timestamp with time zone, cancellation_reason:text, qr_token:text, qr_expires_at:timestamp with time zone, verification_code:text, delivery_city:text, delivery_settlement:text, restaurant_id:uuid, client_id:uuid, city_id:uuid, order_type:text, payment_status:text, delivery_provider:text, client_name:text, client_phone:text, address_id:uuid, delivery_lat:numeric, delivery_lng:numeric, delivery_comment:text, booth_name:text, subtotal_amount:numeric, total_amount:numeric, restaurant_payment_confirmed_at:timestamp with time zone, client_accuracy_m:numeric, delivery_address_id:uuid, delivery_address_snapshot:text, delivery_entrance_snapshot:text, delivery_floor_snapshot:text, delivery_apartment_snapshot:text, delivery_intercom_snapshot:text, delivery_landmark_snapshot:text, delivery_comment_snapshot:text, client_lat:numeric, client_lng:numeric, restaurant_lat_snapshot:numeric, restaurant_lng_snapshot:numeric, restaurant_address_snapshot:text, idempotency_key:text
platform_admins	user_id:uuid, created_at:timestamp with time zone
platform_banners	id:uuid, title:text, subtitle:text, kind:text, image_url:text, link_url:text, sort_order:integer, is_active:boolean, created_at:timestamp with time zone, updated_at:timestamp with time zone, background_color:text, action_label:text, name:text, page_id:uuid, starts_at:timestamp with time zone, ends_at:timestamp with time zone, content_position:text, button_position:text
platform_billing_settings	id:text, client_fee:numeric, restaurant_commission_percent:numeric, driver_tariff_percent:numeric, restaurant_debt_limit:numeric, driver_debt_limit:numeric, warning_percent:numeric, updated_at:timestamp with time zone, restaurant_tariff_type:text, restaurant_tariff_fixed:numeric, driver_tariff_type:text, driver_tariff_fixed:numeric
platform_categories	id:uuid, name:text, slug:text, image_url:text, is_active:boolean, created_at:timestamp with time zone
platform_content_pages	id:uuid, name:text, slug:text, status:text, blocks:jsonb, created_at:timestamp with time zone, updated_at:timestamp with time zone
platform_contest_tickets	id:uuid, contest_id:uuid, order_id:uuid, customer_name:text, customer_phone:text, ordered_items:jsonb, is_deleted:boolean, created_at:timestamp with time zone
platform_custom_tariffs	id:uuid, subject_type:text, subject_id:uuid, tariff_percent:numeric, is_active:boolean, created_at:timestamp with time zone, updated_at:timestamp with time zone, tariff_type:text, tariff_fixed:numeric
platform_debts	id:uuid, subject_type:text, subject_id:uuid, amount:numeric, limit_amount:numeric, is_blocked:boolean, updated_at:timestamp with time zone
platform_settings	id:text, support_whatsapp:text, updated_at:timestamp with time zone, support_phone:text, support_email:text, support_telegram:text, support_hours:text, support_hint:text
product	id:text, title:text, price:integer, description:text, image_url:text, ingredients:text, weight:text, spicy_level:integer, serving:text, is_popular:boolean, is_new:boolean, is_hit:boolean, is_hidden:boolean, daily_stock:integer, current_stock:integer, is_unlimited:boolean, stock_count:integer, category_id:text, category_ids:ARRAY, drink_type:text, pair_ids:ARRAY, sort_order:integer, created_at:timestamp with time zone, updated_at:timestamp with time zone, image_urls:ARRAY
product_images	id:uuid, catalog_id:uuid, product_id:uuid, url:text, alt:text, sort_order:integer
product_option_groups	id:uuid, catalog_id:uuid, product_id:uuid, name:text, required:boolean, min_selected:integer, max_selected:integer, sort_order:integer
product_options	id:uuid, catalog_id:uuid, group_id:uuid, name:text, price_delta:integer, is_default:boolean, sort_order:integer
product_tag	product_id:text, tag_id:text
product_tags	catalog_id:uuid, product_id:uuid, tag_id:uuid
products	id:uuid, catalog_id:uuid, category_id:uuid, title:text, slug:text, sku:text, status:USER-DEFINED, price:integer, old_price:integer, cost_price:integer, description:text, ingredients:text, weight:text, serving:text, stock_count:integer, is_unlimited:boolean, is_popular:boolean, is_new:boolean, is_promo:boolean, seo:jsonb, custom_fields:jsonb, sort_order:integer, created_at:timestamp with time zone, updated_at:timestamp with time zone
profiles	id:uuid, email:text, full_name:text, created_at:timestamp with time zone, updated_at:timestamp with time zone
restaurant	id:text, name:text, subtitle:text, logo_url:text, banner_url:text, whatsapp:text, instagram_url:text, address:text, mapLink:text, created_at:timestamp with time zone, updated_at:timestamp with time zone
restaurant_categories	id:uuid, restaurant_id:uuid, name:text, slug:text, image_url:text, sort_order:integer, is_active:boolean, created_at:timestamp with time zone
restaurant_couriers	id:uuid, restaurant_id:uuid, driver_id:uuid, is_active:boolean, created_at:timestamp with time zone, is_primary:boolean, priority:smallint
restaurant_delivery_settings	catalog_id:uuid, enable_orders:boolean, enable_delivery:boolean, enable_pickup:boolean, enable_hall_orders:boolean, use_own_courier:boolean, use_platform_drivers:boolean, own_courier_wait_minutes:integer, fallback_to_platform_drivers:boolean, qr_required:boolean, minimum_order_amount:integer, free_delivery_from:integer, default_preparation_minutes:integer, delivery_radius_km:numeric, delivery_hours_start:time without time zone, delivery_hours_end:time without time zone, out_of_hours_mode:text, updated_at:timestamp with time zone, delivery_area_mode:text, primary_city:text, service_settlements:ARRAY
restaurant_payment_settings	id:uuid, restaurant_id:uuid, enable_qr:boolean, enable_bank_transfer:boolean, enable_cash:boolean, bank_name:text, recipient_full_name:text, recipient_phone:text, payment_comment:text, qr_image_url:text, require_manual_confirmation:boolean, created_at:timestamp with time zone, updated_at:timestamp with time zone
restaurant_payments	id:uuid, restaurant_id:uuid, enable_transfer:boolean, requisite_type:text, phone_number:text, bank_name:text, first_name:text, last_name:text, middle_name:text, display_name:text, comment:text, allow_cash:boolean, require_confirmation:boolean, qr_image_url:text, created_at:timestamp with time zone, updated_at:timestamp with time zone
restaurant_platform_categories	id:uuid, restaurant_id:uuid, platform_category_id:uuid, created_at:timestamp with time zone
restaurant_socials	id:uuid, restaurant_id:uuid, instagram_url:text, whatsapp_phone:text, location_url:text, created_at:timestamp with time zone
restaurant_themes	id:uuid, accent_color:text, background_color:text, button_color:text, button_text_color:text, card_color:text, text_color:text, muted_text_color:text, created_at:timestamp with time zone, updated_at:timestamp with time zone
restaurants	id:uuid, catalog_id:uuid, name:text, slug:text, description:text, city_id:uuid, logo_url:text, cover_url:text, rating:numeric, min_order_amount:numeric, free_delivery_from:numeric, delivery_time_from:integer, delivery_time_to:integer, delivery_provider:text, allow_dine_in:boolean, allow_pickup:boolean, allow_delivery:boolean, is_active:boolean, theme_id:uuid, created_at:timestamp with time zone, updated_at:timestamp with time zone, address_line:text, lat:numeric, lng:numeric
settlement_requests	id:uuid, city_name:text, settlement_name:text, source:text, request_count:integer, status:text, created_at:timestamp with time zone, last_seen_at:timestamp with time zone
tags	id:uuid, catalog_id:uuid, name:text, slug:text, icon:text, color:text, sort_order:integer
template_presets	id:uuid, template_version_id:uuid, name:text, settings:jsonb, theme:jsonb, sections:jsonb, created_at:timestamp with time zone
template_versions	id:uuid, template_id:uuid, version:integer, status:text, entry_key:text, schema_version:integer, defaults:jsonb, migration_notes:text, published_at:timestamp with time zone, created_at:timestamp with time zone
templates	id:uuid, key:text, name:text, business_type:text, description:text, created_at:timestamp with time zone
theme_settings	id:text, restaurant_id:text, background_type:text, background_color:text, background_image_url:text, card_color:text, product_card_color:text, product_card_text_color:text, settings_card_color:text, settings_card_text_color:text, cart_panel_color:text, cart_panel_text_color:text, card_radius:integer, card_shadow:text, text_primary:text, text_secondary:text, product_title_color:text, category_title_color:text, accent_color:text, accent_secondary:text, button_style:text, button_radius:integer, header_style:text, created_at:timestamp with time zone, updated_at:timestamp with time zone
users	id:uuid, auth_user_id:uuid, name:text, phone:text, role:text, created_at:timestamp with time zone, email:text
web_push_subscriptions	id:uuid, user_id:uuid, role:text, catalog_id:uuid, driver_id:uuid, order_id:uuid, endpoint:text, p256dh:text, auth:text, user_agent:text, last_seen_at:timestamp with time zone, created_at:timestamp with time zone
